發生地點,天候名稱,光線名稱,道路類別-第1當事者-名稱,速限-第1當事者,道路型態大類別名稱,道路型態子類別名稱,事故位置大類別名稱,事故位置子類別名稱,路面狀況-路面鋪裝名稱,路面狀況-路面狀態名稱,路面狀況-路面缺陷名稱,道路障礙-障礙物名稱,道路障礙-視距品質名稱,道路障礙-視距名稱,號誌-號誌種類名稱,號誌-號誌動作名稱,車道劃分設施-分向設施大類別名稱,車道劃分設施-分向設施子類別名稱,車道劃分設施-分道設施-快車道或一般車道間名稱,車道劃分設施-分道設施-快慢車道間名稱,車道劃分設施-分道設施-路面邊線名稱,事故類型及型態大類別名稱,事故類型及型態子類別名稱,肇因研判大類別名稱-主要,肇因研判子類別名稱-主要,死亡受傷人數,當事者順位,當事者區分-類別-大類別名稱-車種,當事者區分-類別-子類別名稱-車種,當事者屬-性-別名稱,當事者事故發生時年齡,保護裝備名稱,行動電話或電腦或其他相類功能裝置名稱,當事者行動狀態大類別名稱,當事者行動狀態子類別名稱,車輛撞擊部位大類別名稱-最初,車輛撞擊部位子類別名稱-最初,車輛撞擊部位大類別名稱-其他,車輛撞擊部位子類別名稱-其他,肇因研判大類別名稱-個別,肇因研判子類別名稱-個別,肇事逃逸類別名稱-是否肇逃
苗栗縣獅潭鄉豐林村中豐公路28-2號附近,陰,日間自然光線,省道,60,單路部分,彎曲路及附近,路段,慢車道,柏油,乾燥,無缺陷,路上有停車,良好,良好,無號誌,無號誌,雙向禁止超車線,無標記,未繪設車道線,快慢車道分隔線,有,車與車,追撞,駕駛人,未注意車前狀態,死亡1;受傷0,3,小貨車(含客、貨兩用),自用,男,61,未戴案全帽或未繫安全帶(未使用幼童安全椅),未使用,車的狀態,靜止(引擎熄火),汽車,右後車尾(身),,,其他,違規停車或暫停不當而肇事,否
彰化縣埔鹽鄉埔鹽村彰水路2段149弄前0.0公尺,晴,夜間(或隧道、地下道、涵洞)有照明,村里道路,60,單路部分,直路,路段,一般車道(未劃分快慢車道),柏油,乾燥,無缺陷,無障礙物,良好,良好,無號誌,無號誌,無,無分向設施,未繪設車道線,未繪設快慢車道分隔線,有,車與車,側撞,駕駛人,未依規定讓車,死亡1;受傷0,2,機車,普通重型,女,40,戴安全帽或繫安全帶(使用幼童安全椅),未使用,車的狀態,向前直行中,機車,左側車身,,,駕駛人,未依規定減速,否
彰化縣埔鹽鄉埔鹽村彰水路2段149弄前0.0公尺,晴,夜間(或隧道、地下道、涵洞)有照明,村里道路,60,單路部分,直路,路段,一般車道(未劃分快慢車道),柏油,乾燥,無缺陷,無障礙物,良好,良好,無號誌,無號誌,無,無分向設施,未繪設車道線,未繪設快慢車道分隔線,有,車與車,側撞,駕駛人,未依規定讓車,死亡1;受傷0,1,小貨車(含客、貨兩用),自用,男,25,戴安全帽或繫安全帶(使用幼童安全椅),未使用,車的狀態,向前直行中,汽車,右前車頭(身),,,駕駛人,未依規定讓車,否
屏東縣萬丹鄉西環路口 / 屏東縣萬丹鄉福德街口,晴,日間自然光線,村里道路,40,交岔路,四岔路,交叉路口,交叉路口內,柏油,乾燥,無缺陷,無障礙物,良好,良好,行車管制號誌,正常,中央分向島,寛式(50公分以上),車道線(附標記),快慢車道分隔線,有,車與車,路口交岔撞,駕駛人,違反號誌管制或指揮,死亡1;受傷0,2,小客車,自用,男,54,戴安全帽或繫安全帶(使用幼童安全椅),未使用,車的狀態,向前直行中,汽車,前車頭,,,無(車輛駕駛人因素),尚未發現肇事因素,否
屏東縣萬丹鄉西環路口 / 屏東縣萬丹鄉福德街口,晴,日間自然光線,村里道路,40,交岔路,四岔路,交叉路口,交叉路口內,柏油,乾燥,無缺陷,無障礙物,良好,良好,行車管制號誌,正常,中央分向島,寛式(50公分以上),車道線(附標記),快慢車道分隔線,有,車與車,路口交岔撞,駕駛人,違反號誌管制或指揮,死亡1;受傷0,1,機車,普通重型,男,84,未戴案全帽或未繫安全帶(未使用幼童安全椅),未使用,車的狀態,向前直行中,機車,左側車身,,,駕駛人,違反號誌管制或指揮,否
屏東縣鹽埔鄉高朗村三民路83-6號,晴,日間自然光線,村里道路,50,單路部分,直路,路段,一般車道(未劃分快慢車道),柏油,乾燥,無缺陷,無障礙物,良好,良好,無號誌,無號誌,行車分向線,無標記,未繪設車道線,未繪設快慢車道分隔線,有,車與車,同向擦撞,駕駛人,違規超車,死亡1;受傷0,3,人,乘客,女,68,戴安全帽或繫安全帶(使用幼童安全椅),未使用,人的狀態,不明,其他,非汽(機)車,其他,非汽(機)車,無(非車輛駕駛人因素),尚未發現肇事因素,否
屏東縣鹽埔鄉高朗村三民路83-6號,晴,日間自然光線,村里道路,50,單路部分,直路,路段,一般車道(未劃分快慢車道),柏油,乾燥,無缺陷,無障礙物,良好,良好,無號誌,無號誌,行車分向線,無標記,未繪設車道線,未繪設快慢車道分隔線,有,車與車,同向擦撞,駕駛人,違規超車,死亡1;受傷0,1,小貨車(含客、貨兩用),自用,男,70,戴安全帽或繫安全帶(使用幼童安全椅),未使用,車的狀態,超車(含超越),汽車,右側車身,汽車,右側車身,駕駛人,違規超車,否
屏東縣鹽埔鄉高朗村三民路83-6號,晴,日間自然光線,村里道路,50,單路部分,直路,路段,一般車道(未劃分快慢車道),柏油,乾燥,無缺陷,無障礙物,良好,良好,無號誌,無號誌,行車分向線,無標記,未繪設車道線,未繪設快慢車道分隔線,有,車與車,同向擦撞,駕駛人,違規超車,死亡1;受傷0,2,機車,普通重型,男,82,未戴案全帽或未繫安全帶(未使用幼童安全椅),未使用,車的狀態,迴轉或橫越道路中,機車,左側車身,機車,左側車身,無(車輛駕駛人因素),尚未發現肇事因素,否
新北市三峽區新北市三峽區添福路3K處(燈桿196696號),晴,日間自然光線,市區道路,40,單路部分,直路,路段,一般車道(未劃分快慢車道),柏油,乾燥,無缺陷,無障礙物,良好,良好,無號誌,無號誌,無,無分向設施,未繪設車道線,未繪設快慢車道分隔線,有,車與車,對撞,駕駛人,未靠右行駛,死亡1;受傷0,1,小客車,自用,男,78,不明,不明,車的狀態,向前直行中,汽車,左前車頭(身),汽車,左前車頭(身),駕駛人,未靠右行駛,否
新北市三峽區新北市三峽區添福路3K處(燈桿196696號),晴,日間自然光線,市區道路,40,單路部分,直路,路段,一般車道(未劃分快慢車道),柏油,乾燥,無缺陷,無障礙物,良好,良好,無號誌,無號誌,無,無分向設施,未繪設車道線,未繪設快慢車道分隔線,有,車與車,對撞,駕駛人,未靠右行駛,死亡1;受傷0,2,機車,普通重型,男,45,戴安全帽或繫安全帶(使用幼童安全椅),不明,車的狀態,向前直行中,機車,前車頭,機車,前車頭,無(車輛駕駛人因素),尚未發現肇事因素,否
新北市三重區中正北路39號前0.0公尺,陰,日間自然光線,市區道路,50,單路部分,直路,路段,一般車道(未劃分快慢車道),柏油,乾燥,無缺陷,無障礙物,良好,良好,無號誌,無號誌,中央分向島,寛式(50公分以上),車道線(無標記),未繪設快慢車道分隔線,無,車與車,同向擦撞,其他,不明原因肇事,死亡1;受傷0,4,小客車,自用,男,59,不明,不明,車的狀態,向前直行中,其他,不明,其他,不明,無(車輛駕駛人因素),尚未發現肇事因素,否
新北市三重區中正北路39號前0.0公尺,陰,日間自然光線,市區道路,50,單路部分,直路,路段,一般車道(未劃分快慢車道),柏油,乾燥,無缺陷,無障礙物,良好,良好,無號誌,無號誌,中央分向島,寛式(50公分以上),車道線(無標記),未繪設快慢車道分隔線,無,車與車,同向擦撞,其他,不明原因肇事,死亡1;受傷0,1,機車,普通重型,男,56,戴安全帽或繫安全帶(使用幼童安全椅),未使用,車的狀態,向前直行中,其他,不明,其他,不明,其他,不明原因肇事,否
新北市三重區中正北路39號前0.0公尺,陰,日間自然光線,市區道路,50,單路部分,直路,路段,一般車道(未劃分快慢車道),柏油,乾燥,無缺陷,無障礙物,良好,良好,無號誌,無號誌,中央分向島,寛式(50公分以上),車道線(無標記),未繪設快慢車道分隔線,無,車與車,同向擦撞,其他,不明原因肇事,死亡1;受傷0,3,機車,普通重型,女,52,戴安全帽或繫安全帶(使用幼童安全椅),未使用,車的狀態,向前直行中,其他,不明,其他,不明,無(車輛駕駛人因素),尚未發現肇事因素,否
新北市三重區中正北路39號前0.0公尺,陰,日間自然光線,市區道路,50,單路部分,直路,路段,一般車道(未劃分快慢車道),柏油,乾燥,無缺陷,無障礙物,良好,良好,無號誌,無號誌,中央分向島,寛式(50公分以上),車道線(無標記),未繪設快慢車道分隔線,無,車與車,同向擦撞,其他,不明原因肇事,死亡1;受傷0,2,大客車,民營客運,男,61,戴安全帽或繫安全帶(使用幼童安全椅),未使用,車的狀態,向前直行中,其他,不明,其他,不明,無(車輛駕駛人因素),尚未發現肇事因素,否
嘉義縣民雄鄉福權村福權3-5號前,晴,日間自然光線,鄉道,40,交岔路,三岔路,交叉路口,交叉路口內,柏油,乾燥,無缺陷,無障礙物,良好,良好,無號誌,無號誌,無,無分向設施,未繪設車道線,未繪設快慢車道分隔線,無,車與車,追撞,駕駛人,未保持行車安全距離,死亡1;受傷1,1,機車,普通重型,男,26,戴安全帽或繫安全帶(使用幼童安全椅),未使用,車的狀態,向前直行中,機車,前車頭,,,駕駛人,未保持行車安全距離,否
嘉義縣民雄鄉福權村福權3-5號前,晴,日間自然光線,鄉道,40,交岔路,三岔路,交叉路口,交叉路口內,柏油,乾燥,無缺陷,無障礙物,良好,良好,無號誌,無號誌,無,無分向設施,未繪設車道線,未繪設快慢車道分隔線,無,車與車,追撞,駕駛人,未保持行車安全距離,死亡1;受傷1,2,慢車,腳踏自行車,女,79,其他(無需使用保護裝備之人),不明,車的狀態,向前直行中,其他,非汽(機)車,,,無(車輛駕駛人因素),尚未發現肇事因素,否
臺中市大里區仁化里仁化路305號前0.0公尺,晴,日間自然光線,市區道路,50,單路部分,直路,路段,慢車道,柏油,乾燥,無缺陷,無障礙物,良好,良好,無號誌,無號誌,無,無分向設施,車道線(無標記),快慢車道分隔線,有,車與車,其他,駕駛人,未注意車前狀態,死亡1;受傷1,2,大貨車,營業用,男,22,不明,不明,車的狀態,等待(引擎未熄火),其他,不明,,,其他,違規停車或暫停不當而肇事,否
臺中市大里區仁化里仁化路305號前0.0公尺,晴,日間自然光線,市區道路,50,單路部分,直路,路段,慢車道,柏油,乾燥,無缺陷,無障礙物,良好,良好,無號誌,無號誌,無,無分向設施,車道線(無標記),快慢車道分隔線,有,車與車,其他,駕駛人,未注意車前狀態,死亡1;受傷1,3,曳引車,營業用,男,42,不明,不明,車的狀態,等待(引擎未熄火),汽車,左後車尾(身),,,其他,違規停車或暫停不當而肇事,否
臺中市大里區仁化里仁化路305號前0.0公尺,晴,日間自然光線,市區道路,50,單路部分,直路,路段,慢車道,柏油,乾燥,無缺陷,無障礙物,良好,良好,無號誌,無號誌,無,無分向設施,車道線(無標記),快慢車道分隔線,有,車與車,其他,駕駛人,未注意車前狀態,死亡1;受傷1,1,機車,普通重型,女,18,戴安全帽或繫安全帶(使用幼童安全椅),未使用,車的狀態,向前直行中,機車,左側車身,,,駕駛人,未注意車前狀態,否
臺中市大里區仁化里仁化路305號前0.0公尺,晴,日間自然光線,市區道路,50,單路部分,直路,路段,慢車道,柏油,乾燥,無缺陷,無障礙物,良好,良好,無號誌,無號誌,無,無分向設施,車道線(無標記),快慢車道分隔線,有,車與車,其他,駕駛人,未注意車前狀態,死亡1;受傷1,4,人,乘客,女,19,戴安全帽或繫安全帶(使用幼童安全椅),非駕駛人,人的狀態,不明,其他,非汽(機)車,,,無(非車輛駕駛人因素),尚未發現肇事因素,否
雲林縣東勢鄉新坤村153線1公里處北上車道,晴,日間自然光線,縣道,60,交岔路,四岔路,交叉路口,交叉口附近,柏油,乾燥,無缺陷,無障礙物,良好,良好,閃光號誌,正常,中央分向島,寛式(50公分以上),禁止變換車道線(無標記),快慢車道分隔線,有,車與車,側撞,駕駛人,違反特定標誌(線)禁制,死亡1;受傷0,1,機車,普通重型,女,72,不明,不明,車的狀態,左轉彎,其他,不明,,,駕駛人,違反特定標誌(線)禁制,否
雲林縣東勢鄉新坤村153線1公里處北上車道,晴,日間自然光線,縣道,60,交岔路,四岔路,交叉路口,交叉口附近,柏油,乾燥,無缺陷,無障礙物,良好,良好,閃光號誌,正常,中央分向島,寛式(50公分以上),禁止變換車道線(無標記),快慢車道分隔線,有,車與車,側撞,駕駛人,違反特定標誌(線)禁制,死亡1;受傷0,2,小客車,自用,男,22,不明,不明,車的狀態,向前直行中,汽車,右前車頭(身),,,駕駛人,未依規定減速,否
彰化縣員林市三和里大同路1段482號前0.0公尺,晴,日間自然光線,市區道路,50,單路部分,直路,路段,一般車道(未劃分快慢車道),柏油,乾燥,無缺陷,無障礙物,良好,良好,無號誌,無號誌,雙向禁止超車線,無標記,車道線(無標記),未繪設快慢車道分隔線,有,車與車,對撞,駕駛人,逆向行駛,死亡1;受傷1,4,小客車,自用,男,29,不明,不明,車的狀態,靜止(引擎熄火),汽車,左側車身,,,無(車輛駕駛人因素),尚未發現肇事因素,否
彰化縣員林市三和里大同路1段482號前0.0公尺,晴,日間自然光線,市區道路,50,單路部分,直路,路段,一般車道(未劃分快慢車道),柏油,乾燥,無缺陷,無障礙物,良好,良好,無號誌,無號誌,雙向禁止超車線,無標記,車道線(無標記),未繪設快慢車道分隔線,有,車與車,對撞,駕駛人,逆向行駛,死亡1;受傷1,1,機車,普通重型,女,38,戴安全帽或繫安全帶(使用幼童安全椅),不明,車的狀態,插入行列,機車,左側車身,,,駕駛人,逆向行駛,否
彰化縣員林市三和里大同路1段482號前0.0公尺,晴,日間自然光線,市區道路,50,單路部分,直路,路段,一般車道(未劃分快慢車道),柏油,乾燥,無缺陷,無障礙物,良好,良好,無號誌,無號誌,雙向禁止超車線,無標記,車道線(無標記),未繪設快慢車道分隔線,有,車與車,對撞,駕駛人,逆向行駛,死亡1;受傷1,3,慢車,腳踏自行車,女,52,其他(無需使用保護裝備之人),不明,人的狀態,不明,其他,非汽(機)車,,,無(車輛駕駛人因素),尚未發現肇事因素,否
彰化縣員林市三和里大同路1段482號前0.0公尺,晴,日間自然光線,市區道路,50,單路部分,直路,路段,一般車道(未劃分快慢車道),柏油,乾燥,無缺陷,無障礙物,良好,良好,無號誌,無號誌,雙向禁止超車線,無標記,車道線(無標記),未繪設快慢車道分隔線,有,車與車,對撞,駕駛人,逆向行駛,死亡1;受傷1,2,機車,大型重型1(550C.C.以上),男,21,戴安全帽或繫安全帶(使用幼童安全椅),不明,車的狀態,向前直行中,機車,前車頭,,,駕駛人,未注意車前狀態,否
花蓮縣吉安鄉和平路1段口 / 花蓮縣吉安鄉自強路口,晴,晨或暮光,村里道路,50,交岔路,四岔路,交叉路口,交叉路口內,柏油,乾燥,無缺陷,無障礙物,良好,良好,行車管制號誌,正常,無,無分向設施,未繪設車道線,未繪設快慢車道分隔線,無,車與車,路口交岔撞,駕駛人,違反號誌管制或指揮,死亡1;受傷1,7,,,無或物(動物、堆置物),-1,,,,,,,,,無(非車輛駕駛人因素),尚未發現肇事因素,否
花蓮縣吉安鄉和平路1段口 / 花蓮縣吉安鄉自強路口,晴,晨或暮光,村里道路,50,交岔路,四岔路,交叉路口,交叉路口內,柏油,乾燥,無缺陷,無障礙物,良好,良好,行車管制號誌,正常,無,無分向設施,未繪設車道線,未繪設快慢車道分隔線,無,車與車,路口交岔撞,駕駛人,違反號誌管制或指揮,死亡1;受傷1,3,小客車,自用,男,37,不明,未使用,車的狀態,靜止(引擎熄火),汽車,後車尾,,,無(車輛駕駛人因素),尚未發現肇事因素,否
花蓮縣吉安鄉和平路1段口 / 花蓮縣吉安鄉自強路口,晴,晨或暮光,村里道路,50,交岔路,四岔路,交叉路口,交叉路口內,柏油,乾燥,無缺陷,無障礙物,良好,良好,行車管制號誌,正常,無,無分向設施,未繪設車道線,未繪設快慢車道分隔線,無,車與車,路口交岔撞,駕駛人,違反號誌管制或指揮,死亡1;受傷1,4,小客車,自用,男,53,不明,未使用,車的狀態,靜止(引擎熄火),汽車,後車尾,,,無(車輛駕駛人因素),尚未發現肇事因素,否
花蓮縣吉安鄉和平路1段口 / 花蓮縣吉安鄉自強路口,晴,晨或暮光,村里道路,50,交岔路,四岔路,交叉路口,交叉路口內,柏油,乾燥,無缺陷,無障礙物,良好,良好,行車管制號誌,正常,無,無分向設施,未繪設車道線,未繪設快慢車道分隔線,無,車與車,路口交岔撞,駕駛人,違反號誌管制或指揮,死亡1;受傷1,5,機車,普通重型,男,53,不明,未使用,車的狀態,靜止(引擎熄火),機車,右側車身,,,無(車輛駕駛人因素),尚未發現肇事因素,否
花蓮縣吉安鄉和平路1段口 / 花蓮縣吉安鄉自強路口,晴,晨或暮光,村里道路,50,交岔路,四岔路,交叉路口,交叉路口內,柏油,乾燥,無缺陷,無障礙物,良好,良好,行車管制號誌,正常,無,無分向設施,未繪設車道線,未繪設快慢車道分隔線,無,車與車,路口交岔撞,駕駛人,違反號誌管制或指揮,死亡1;受傷1,6,機車,普通重型,男,18,不明,未使用,車的狀態,靜止(引擎熄火),機車,右側車身,,,無(車輛駕駛人因素),尚未發現肇事因素,否
花蓮縣吉安鄉和平路1段口 / 花蓮縣吉安鄉自強路口,晴,晨或暮光,村里道路,50,交岔路,四岔路,交叉路口,交叉路口內,柏油,乾燥,無缺陷,無障礙物,良好,良好,行車管制號誌,正常,無,無分向設施,未繪設車道線,未繪設快慢車道分隔線,無,車與車,路口交岔撞,駕駛人,違反號誌管制或指揮,死亡1;受傷1,1,曳引車,營業用,男,45,戴安全帽或繫安全帶(使用幼童安全椅),未使用,車的狀態,向前直行中,汽車,前車頭,,,駕駛人,違反號誌管制或指揮,否
花蓮縣吉安鄉和平路1段口 / 花蓮縣吉安鄉自強路口,晴,晨或暮光,村里道路,50,交岔路,四岔路,交叉路口,交叉路口內,柏油,乾燥,無缺陷,無障礙物,良好,良好,行車管制號誌,正常,無,無分向設施,未繪設車道線,未繪設快慢車道分隔線,無,車與車,路口交岔撞,駕駛人,違反號誌管制或指揮,死亡1;受傷1,8,人,乘客,男,21,戴安全帽或繫安全帶(使用幼童安全椅),未使用,人的狀態,其他,其他,非汽(機)車,,,無(非車輛駕駛人因素),尚未發現肇事因素,否
花蓮縣吉安鄉和平路1段口 / 花蓮縣吉安鄉自強路口,晴,晨或暮光,村里道路,50,交岔路,四岔路,交叉路口,交叉路口內,柏油,乾燥,無缺陷,無障礙物,良好,良好,行車管制號誌,正常,無,無分向設施,未繪設車道線,未繪設快慢車道分隔線,無,車與車,路口交岔撞,駕駛人,違反號誌管制或指揮,死亡1;受傷1,2,小客車,自用,男,27,戴安全帽或繫安全帶(使用幼童安全椅),未使用,車的狀態,向前直行中,汽車,右側車身,,,無(車輛駕駛人因素),尚未發現肇事因素,否
嘉義縣六腳鄉蘇厝村蘇厝寮247號前,晴,日間自然光線,省道,50,單路部分,直路,路段,一般車道(未劃分快慢車道),柏油,乾燥,無缺陷,無障礙物,良好,良好,無號誌,無號誌,雙向禁止超車線,附標記,車道線(附標記),快慢車道分隔線,有,車與車,追撞,駕駛人,未注意車前狀態,死亡1;受傷0,1,機車,普通重型,男,77,戴安全帽或繫安全帶(使用幼童安全椅),未使用,車的狀態,向前直行中,機車,前車頭,,,駕駛人,未注意車前狀態,否
嘉義縣六腳鄉蘇厝村蘇厝寮247號前,晴,日間自然光線,省道,50,單路部分,直路,路段,一般車道(未劃分快慢車道),柏油,乾燥,無缺陷,無障礙物,良好,良好,無號誌,無號誌,雙向禁止超車線,附標記,車道線(附標記),快慢車道分隔線,有,車與車,追撞,駕駛人,未注意車前狀態,死亡1;受傷0,2,大貨車,營業用,男,25,戴安全帽或繫安全帶(使用幼童安全椅),未使用,車的狀態,等待(引擎未熄火),汽車,左後車尾(身),,,其他,違規停車或暫停不當而肇事,否
臺南市佳里區南勢里176線公路10.5公里處東向路肩,晴,日間自然光線,市區道路,60,單路部分,直路,路段,路肩、路緣,柏油,乾燥,無缺陷,無障礙物,良好,良好,無號誌,無號誌,行車分向線,無標記,未繪設車道線,快慢車道分隔線,有,車與車,其他,其他,不明原因肇事,死亡1;受傷0,1,機車,普通重型,女,59,戴安全帽或繫安全帶(使用幼童安全椅),未使用,車的狀態,向前直行中,機車,前車頭,,,其他,不明原因肇事,否
臺南市佳里區南勢里176線公路10.5公里處東向路肩,晴,日間自然光線,市區道路,60,單路部分,直路,路段,路肩、路緣,柏油,乾燥,無缺陷,無障礙物,良好,良好,無號誌,無號誌,行車分向線,無標記,未繪設車道線,快慢車道分隔線,有,車與車,其他,其他,不明原因肇事,死亡1;受傷0,2,小貨車(含客、貨兩用),自用,男,20,戴安全帽或繫安全帶(使用幼童安全椅),未使用,車的狀態,靜止(引擎熄火),汽車,左後車尾(身),,,無(車輛駕駛人因素),尚未發現肇事因素,否
新北市板橋區縣民大道1段 / 新北市板橋區縣民大道1段,晴,夜間(或隧道、地下道、涵洞)有照明,市區道路,50,交岔路,三岔路,交叉路口,交叉路口內,柏油,乾燥,無缺陷,無障礙物,良好,良好,無號誌,無號誌,中央分向島,窄式無柵欄,車道線(無標記),未繪設快慢車道分隔線,有,人與汽(機)車,穿越道路中,行人(或乘客),未依標誌、標線、號誌或手勢指揮穿越道路,死亡1;受傷0,2,小客車,自用,女,56,戴安全帽或繫安全帶(使用幼童安全椅),未使用,車的狀態,向前直行中,汽車,前車頭,汽車,前車頭,駕駛人,未注意車前狀態,否
新北市板橋區縣民大道1段 / 新北市板橋區縣民大道1段,晴,夜間(或隧道、地下道、涵洞)有照明,市區道路,50,交岔路,三岔路,交叉路口,交叉路口內,柏油,乾燥,無缺陷,無障礙物,良好,良好,無號誌,無號誌,中央分向島,窄式無柵欄,車道線(無標記),未繪設快慢車道分隔線,有,人與汽(機)車,穿越道路中,行人(或乘客),未依標誌、標線、號誌或手勢指揮穿越道路,死亡1;受傷0,1,人,行人,女,86,其他(無需使用保護裝備之人),非駕駛人,人的狀態,步行,其他,非汽(機)車,其他,非汽(機)車,行人(或乘客),未依標誌、標線、號誌或手勢指揮穿越道路,否
臺南市下營區營前里中山路2段351號,晴,夜間(或隧道、地下道、涵洞)有照明,市區道路,50,單路部分,直路,路段,一般車道(未劃分快慢車道),柏油,乾燥,無缺陷,無障礙物,良好,良好,無號誌,無號誌,行車分向線,無標記,車道線(無標記),未繪設快慢車道分隔線,有,車與車,追撞,駕駛人,未注意車前狀態,死亡1;受傷1,3,小貨車(含客、貨兩用),自用,男,64,不明,未使用,車的狀態,向前直行中,汽車,右前車頭(身),,,駕駛人,未注意車前狀態,否
臺南市下營區營前里中山路2段351號,晴,夜間(或隧道、地下道、涵洞)有照明,市區道路,50,單路部分,直路,路段,一般車道(未劃分快慢車道),柏油,乾燥,無缺陷,無障礙物,良好,良好,無號誌,無號誌,行車分向線,無標記,車道線(無標記),未繪設快慢車道分隔線,有,車與車,追撞,駕駛人,未注意車前狀態,死亡1;受傷1,1,機車,普通重型,男,27,戴安全帽或繫安全帶(使用幼童安全椅),未使用,車的狀態,向前直行中,機車,前車頭,,,駕駛人,未注意車前狀態,否
臺南市下營區營前里中山路2段351號,晴,夜間(或隧道、地下道、涵洞)有照明,市區道路,50,單路部分,直路,路段,一般車道(未劃分快慢車道),柏油,乾燥,無缺陷,無障礙物,良好,良好,無號誌,無號誌,行車分向線,無標記,車道線(無標記),未繪設快慢車道分隔線,有,車與車,追撞,駕駛人,未注意車前狀態,死亡1;受傷1,2,慢車,腳踏自行車,男,87,其他(無需使用保護裝備之人),未使用,車的狀態,向前直行中,其他,非汽(機)車,,,無(車輛駕駛人因素),尚未發現肇事因素,否
臺中市梧棲區永安里港埠路一段 / 臺中市梧棲區永安里永興路二段,陰,夜間(或隧道、地下道、涵洞)有照明,市區道路,40,交岔路,三岔路,路段,慢車道,柏油,乾燥,無缺陷,無障礙物,良好,良好,無號誌,無號誌,中央分向島,寛式(50公分以上),未繪設車道線,未繪設快慢車道分隔線,無,車與車,側撞,駕駛人,未依規定讓車,死亡1;受傷0,2,機車,普通重型,男,19,戴安全帽或繫安全帶(使用幼童安全椅),未使用,車的狀態,向前直行中,機車,左側車身,,,駕駛人,未注意車前狀態,否
臺中市梧棲區永安里港埠路一段 / 臺中市梧棲區永安里永興路二段,陰,夜間(或隧道、地下道、涵洞)有照明,市區道路,40,交岔路,三岔路,路段,慢車道,柏油,乾燥,無缺陷,無障礙物,良好,良好,無號誌,無號誌,中央分向島,寛式(50公分以上),未繪設車道線,未繪設快慢車道分隔線,無,車與車,側撞,駕駛人,未依規定讓車,死亡1;受傷0,1,小貨車(含客、貨兩用),自用,男,59,戴安全帽或繫安全帶(使用幼童安全椅),未使用,車的狀態,右轉彎,汽車,右前車頭(身),,,駕駛人,未依規定讓車,否
高雄市鼓山區鼓山三路 / 高雄市鼓山區雄峰路,晴,夜間(或隧道、地下道、涵洞)有照明,市區道路,40,交岔路,四岔路,其他,人行道,其他鋪裝,乾燥,無缺陷,無障礙物,良好,良好,行車管制號誌,正常,無,無分向設施,未繪設車道線,未繪設快慢車道分隔線,無,汽(機)車本身,撞路樹、電桿,駕駛人,未注意車前狀態,死亡1;受傷0,2,,,無或物(動物、堆置物),111,,,,,,,,,無(非車輛駕駛人因素),尚未發現肇事因素,否
高雄市鼓山區鼓山三路 / 高雄市鼓山區雄峰路,晴,夜間(或隧道、地下道、涵洞)有照明,市區道路,40,交岔路,四岔路,其他,人行道,其他鋪裝,乾燥,無缺陷,無障礙物,良好,良好,行車管制號誌,正常,無,無分向設施,未繪設車道線,未繪設快慢車道分隔線,無,汽(機)車本身,撞路樹、電桿,駕駛人,未注意車前狀態,死亡1;受傷0,1,機車,普通重型,男,58,戴安全帽或繫安全帶(使用幼童安全椅),未使用,車的狀態,向前直行中,機車,左側車身,機車,左側車身,駕駛人,未注意車前狀態,否
臺中市潭子區東寶里大富路一段前0.0公尺,陰,夜間(或隧道、地下道、涵洞)有照明,市區道路,50,單路部分,直路,路段,一般車道(未劃分快慢車道),柏油,濕潤,無缺陷,無障礙物,良好,良好,無號誌,無號誌,無,無分向設施,未繪設車道線,未繪設快慢車道分隔線,無,汽(機)車本身,其他,駕駛人,酒醉(後)駕駛失控,死亡1;受傷0,2,,,無或物(動物、堆置物),0,,,,,,,,,無(非車輛駕駛人因素),尚未發現肇事因素,否
臺中市潭子區東寶里大富路一段前0.0公尺,陰,夜間(或隧道、地下道、涵洞)有照明,市區道路,50,單路部分,直路,路段,一般車道(未劃分快慢車道),柏油,濕潤,無缺陷,無障礙物,良好,良好,無號誌,無號誌,無,無分向設施,未繪設車道線,未繪設快慢車道分隔線,無,汽(機)車本身,其他,駕駛人,酒醉(後)駕駛失控,死亡1;受傷0,1,機車,普通重型,男,18,戴安全帽或繫安全帶(使用幼童安全椅),未使用,車的狀態,向前直行中,機車,前車頭,,,駕駛人,酒醉(後)駕駛失控,否
桃園市中壢區中央西路二段口 / 桃園市中壢區三光路口,晴,日間自然光線,市區道路,50,交岔路,三岔路,交叉路口,交叉路口內,柏油,乾燥,無缺陷,無障礙物,良好,良好,行車管制號誌(附設行人專用號誌),正常,無,無分向設施,未繪設車道線,未繪設快慢車道分隔線,無,車與車,側撞,駕駛人,違反號誌管制或指揮,死亡1;受傷1,3,人,乘客,女,57,戴安全帽或繫安全帶(使用幼童安全椅),非駕駛人,人的狀態,其他,其他,非汽(機)車,,,無(非車輛駕駛人因素),尚未發現肇事因素,否
桃園市中壢區中央西路二段口 / 桃園市中壢區三光路口,晴,日間自然光線,市區道路,50,交岔路,三岔路,交叉路口,交叉路口內,柏油,乾燥,無缺陷,無障礙物,良好,良好,行車管制號誌(附設行人專用號誌),正常,無,無分向設施,未繪設車道線,未繪設快慢車道分隔線,無,車與車,側撞,駕駛人,違反號誌管制或指揮,死亡1;受傷1,2,機車,普通重型,男,64,戴安全帽或繫安全帶(使用幼童安全椅),未使用,車的狀態,左轉彎,機車,右側車身,機車,後車尾,無(車輛駕駛人因素),尚未發現肇事因素,否