發生地點,天候名稱,光線名稱,道路類別-第1當事者-名稱,速限-第1當事者,道路型態大類別名稱,道路型態子類別名稱,事故位置大類別名稱,事故位置子類別名稱,路面狀況-路面鋪裝名稱,路面狀況-路面狀態名稱,路面狀況-路面缺陷名稱,道路障礙-障礙物名稱,道路障礙-視距品質名稱,道路障礙-視距名稱,號誌-號誌種類名稱,號誌-號誌動作名稱,車道劃分設施-分向設施大類別名稱,車道劃分設施-分向設施子類別名稱,車道劃分設施-分道設施-快車道或一般車道間名稱,車道劃分設施-分道設施-快慢車道間名稱,車道劃分設施-分道設施-路面邊線名稱,事故類型及型態大類別名稱,事故類型及型態子類別名稱,肇因研判大類別名稱-主要,肇因研判子類別名稱-主要,死亡受傷人數,當事者順位,當事者區分-類別-大類別名稱-車種,當事者區分-類別-子類別名稱-車種,當事者屬-性-別名稱,當事者事故發生時年齡,保護裝備名稱,行動電話或電腦或其他相類功能裝置名稱,當事者行動狀態大類別名稱,當事者行動狀態子類別名稱,車輛撞擊部位大類別名稱-最初,車輛撞擊部位子類別名稱-最初,車輛撞擊部位大類別名稱-其他,車輛撞擊部位子類別名稱-其他,肇因研判大類別名稱-個別,肇因研判子類別名稱-個別,肇事逃逸類別名稱-是否肇逃
臺中市清水區西社里中華路313號前0.0公尺,晴,日間自然光線,市區道路,70,交岔路,四岔路,交叉路口,交叉口附近,柏油,乾燥,無缺陷,無障礙物,良好,良好,行車管制號誌,正常,中央分向島,窄式無柵欄,車道線(無標記),快慢車道分隔線,有,車與車,同向擦撞,駕駛人,變換車道或方向不當,死亡1;受傷0,3,小客車,自用,男,28,戴安全帽或繫安全帶(使用幼童安全椅),未使用,車的狀態,等待(引擎未熄火),其他,不明,,,其他,違規停車或暫停不當而肇事,否
臺中市梧棲區南簡里港埠路二段364號前0.0公尺,晴,日間自然光線,市區道路,40,單路部分,直路,路段,慢車道,柏油,乾燥,無缺陷,無障礙物,良好,良好,無號誌,無號誌,中央分向島,寛式(50公分以上),車道線(無標記),寛式快慢車道分隔島(50公分以上),無,車與車,其他,其他,不明原因肇事,死亡1;受傷0,4,小客車,自用,女,25,不明,不明,車的狀態,靜止(引擎熄火),汽車,左側車身,,,無(車輛駕駛人因素),尚未發現肇事因素,否
臺中市梧棲區南簡里港埠路二段364號前0.0公尺,晴,日間自然光線,市區道路,40,單路部分,直路,路段,慢車道,柏油,乾燥,無缺陷,無障礙物,良好,良好,無號誌,無號誌,中央分向島,寛式(50公分以上),車道線(無標記),寛式快慢車道分隔島(50公分以上),無,車與車,其他,其他,不明原因肇事,死亡1;受傷0,2,小客車,自用,男,34,不明,不明,車的狀態,靜止(引擎熄火),汽車,左前車頭(身),,,無(車輛駕駛人因素),尚未發現肇事因素,否
臺中市梧棲區南簡里港埠路二段364號前0.0公尺,晴,日間自然光線,市區道路,40,單路部分,直路,路段,慢車道,柏油,乾燥,無缺陷,無障礙物,良好,良好,無號誌,無號誌,中央分向島,寛式(50公分以上),車道線(無標記),寛式快慢車道分隔島(50公分以上),無,車與車,其他,其他,不明原因肇事,死亡1;受傷0,1,機車,普通重型,男,39,戴安全帽或繫安全帶(使用幼童安全椅),未使用,車的狀態,向前直行中,機車,右側車身,,,其他,不明原因肇事,否
臺中市梧棲區南簡里港埠路二段364號前0.0公尺,晴,日間自然光線,市區道路,40,單路部分,直路,路段,慢車道,柏油,乾燥,無缺陷,無障礙物,良好,良好,無號誌,無號誌,中央分向島,寛式(50公分以上),車道線(無標記),寛式快慢車道分隔島(50公分以上),無,車與車,其他,其他,不明原因肇事,死亡1;受傷0,5,小貨車(含客、貨兩用),自用,男,56,不明,不明,車的狀態,靜止(引擎熄火),汽車,左側車身,,,無(車輛駕駛人因素),尚未發現肇事因素,否
臺中市梧棲區南簡里港埠路二段364號前0.0公尺,晴,日間自然光線,市區道路,40,單路部分,直路,路段,慢車道,柏油,乾燥,無缺陷,無障礙物,良好,良好,無號誌,無號誌,中央分向島,寛式(50公分以上),車道線(無標記),寛式快慢車道分隔島(50公分以上),無,車與車,其他,其他,不明原因肇事,死亡1;受傷0,3,小貨車(含客、貨兩用),自用,男,39,不明,不明,車的狀態,靜止(引擎熄火),汽車,左後車尾(身),,,無(車輛駕駛人因素),尚未發現肇事因素,否
新竹縣寶山鄉寶山路一段與五油路口附近,晴,日間自然光線,鄉道,40,單路部分,彎曲路及附近,路段,路肩、路緣,柏油,乾燥,無缺陷,無障礙物,良好,良好,無號誌,無號誌,雙向禁止超車線,無標記,未繪設車道線,未繪設快慢車道分隔線,有,汽(機)車本身,撞路樹、電桿,駕駛人,違反特定標誌(線)禁制,死亡1;受傷0,2,,,無或物(動物、堆置物),-1,,,,,,,,,無(非車輛駕駛人因素),尚未發現肇事因素,否
新竹縣寶山鄉寶山路一段與五油路口附近,晴,日間自然光線,鄉道,40,單路部分,彎曲路及附近,路段,路肩、路緣,柏油,乾燥,無缺陷,無障礙物,良好,良好,無號誌,無號誌,雙向禁止超車線,無標記,未繪設車道線,未繪設快慢車道分隔線,有,汽(機)車本身,撞路樹、電桿,駕駛人,違反特定標誌(線)禁制,死亡1;受傷0,1,機車,普通重型,男,29,戴安全帽或繫安全帶(使用幼童安全椅),未使用,車的狀態,向前直行中,機車,前車頭,,,駕駛人,違反特定標誌(線)禁制,否
嘉義縣溪口鄉坪頂村溪民路與成功路口,晴,日間自然光線,鄉道,50,交岔路,四岔路,交叉路口,交叉路口內,柏油,乾燥,無缺陷,無障礙物,良好,良好,行車管制號誌,正常,無,無分向設施,未繪設車道線,未繪設快慢車道分隔線,無,車與車,其他,其他,不明原因肇事,死亡1;受傷1,1,機車,普通重型,男,66,未戴案全帽或未繫安全帶(未使用幼童安全椅),未使用,車的狀態,向前直行中,機車,前車頭,,,其他,不明原因肇事,否
嘉義縣溪口鄉坪頂村溪民路與成功路口,晴,日間自然光線,鄉道,50,交岔路,四岔路,交叉路口,交叉路口內,柏油,乾燥,無缺陷,無障礙物,良好,良好,行車管制號誌,正常,無,無分向設施,未繪設車道線,未繪設快慢車道分隔線,無,車與車,其他,其他,不明原因肇事,死亡1;受傷1,2,機車,普通重型,女,73,未戴案全帽或未繫安全帶(未使用幼童安全椅),未使用,車的狀態,向前直行中,機車,右側車身,,,其他,不明原因肇事,否
桃園市楊梅區永平里梅獅路一段199號前0.0公尺,晴,日間自然光線,市區道路,50,單路部分,直路,路段,一般車道(未劃分快慢車道),柏油,乾燥,無缺陷,路上有停車,不良,路上停放車輛,無號誌,無號誌,中央分向島,寛式(50公分以上),車道線(無標記),未繪設快慢車道分隔線,有,車與車,其他,駕駛人,起步未注意其他車(人)安全,死亡1;受傷1,2,機車,普通重型,男,27,戴安全帽或繫安全帶(使用幼童安全椅),未使用,車的狀態,向前直行中,機車,前車頭,,,駕駛人,未依規定減速,否
桃園市楊梅區永平里梅獅路一段199號前0.0公尺,晴,日間自然光線,市區道路,50,單路部分,直路,路段,一般車道(未劃分快慢車道),柏油,乾燥,無缺陷,路上有停車,不良,路上停放車輛,無號誌,無號誌,中央分向島,寛式(50公分以上),車道線(無標記),未繪設快慢車道分隔線,有,車與車,其他,駕駛人,起步未注意其他車(人)安全,死亡1;受傷1,1,其他車,拼裝車,女,80,未戴案全帽或未繫安全帶(未使用幼童安全椅),未使用,車的狀態,起步,其他,不明,,,駕駛人,起步未注意其他車(人)安全,否
臺中市烏日區湖日里公園路562號前0.0公尺,晴,日間自然光線,市區道路,50,單路部分,直路,路段,快車道,柏油,乾燥,無缺陷,無障礙物,良好,良好,無號誌,無號誌,雙向禁止超車線,無標記,車道線(無標記),快慢車道分隔線,無,車與車,其他,駕駛人,酒醉(後)駕駛失控,死亡1;受傷0,1,慢車,腳踏自行車,男,50,不明,不明,車的狀態,迴轉或橫越道路中,其他,非汽(機)車,,,駕駛人,酒醉(後)駕駛失控,否
臺中市烏日區湖日里公園路562號前0.0公尺,晴,日間自然光線,市區道路,50,單路部分,直路,路段,快車道,柏油,乾燥,無缺陷,無障礙物,良好,良好,無號誌,無號誌,雙向禁止超車線,無標記,車道線(無標記),快慢車道分隔線,無,車與車,其他,駕駛人,酒醉(後)駕駛失控,死亡1;受傷0,2,大貨車,營業用,男,65,戴安全帽或繫安全帶(使用幼童安全椅),未使用,車的狀態,向前直行中,汽車,前車頭,汽車,右前車頭(身),駕駛人,未注意車前狀態,否
高雄市鳳山區五甲一路370號前0.0公尺前,晴,夜間(或隧道、地下道、涵洞)有照明,市區道路,40,單路部分,直路,路段,慢車道,柏油,乾燥,無缺陷,無障礙物,良好,良好,無號誌,無號誌,雙向禁止超車線,無標記,車道線(無標記),寛式快慢車道分隔島(50公分以上),無,車與車,追撞,駕駛人,未保持行車安全距離,死亡1;受傷1,1,機車,普通重型,男,55,戴安全帽或繫安全帶(使用幼童安全椅),未使用,車的狀態,向前直行中,機車,前車頭,機車,前車頭,駕駛人,未保持行車安全距離,否
高雄市鳳山區五甲一路370號前0.0公尺前,晴,夜間(或隧道、地下道、涵洞)有照明,市區道路,40,單路部分,直路,路段,慢車道,柏油,乾燥,無缺陷,無障礙物,良好,良好,無號誌,無號誌,雙向禁止超車線,無標記,車道線(無標記),寛式快慢車道分隔島(50公分以上),無,車與車,追撞,駕駛人,未保持行車安全距離,死亡1;受傷1,2,機車,普通重型,男,50,戴安全帽或繫安全帶(使用幼童安全椅),未使用,車的狀態,向前直行中,機車,後車尾,機車,後車尾,無(車輛駕駛人因素),尚未發現肇事因素,否
臺南市佳里區鎮山里勝利路口 / 臺南市佳里區鎮山里佳南路口,晴,夜間(或隧道、地下道、涵洞)有照明,市區道路,50,交岔路,四岔路,交叉路口,交叉路口內,柏油,乾燥,無缺陷,無障礙物,良好,良好,行車管制號誌,正常,無,無分向設施,未繪設車道線,未繪設快慢車道分隔線,無,車與車,側撞,駕駛人,未依規定讓車,死亡1;受傷0,1,大貨車,營業用,男,46,戴安全帽或繫安全帶(使用幼童安全椅),未使用,車的狀態,右轉彎,汽車,右前車頭(身),,,駕駛人,未依規定讓車,否
臺南市佳里區鎮山里勝利路口 / 臺南市佳里區鎮山里佳南路口,晴,夜間(或隧道、地下道、涵洞)有照明,市區道路,50,交岔路,四岔路,交叉路口,交叉路口內,柏油,乾燥,無缺陷,無障礙物,良好,良好,行車管制號誌,正常,無,無分向設施,未繪設車道線,未繪設快慢車道分隔線,無,車與車,側撞,駕駛人,未依規定讓車,死亡1;受傷0,2,機車,普通重型,男,80,戴安全帽或繫安全帶(使用幼童安全椅),未使用,車的狀態,向前直行中,機車,左側車身,機車,後車尾,其他,其他引起事故之違規或不當行為,否
高雄市田寮區台28省道21.5K號前0.0公尺,晴,日間自然光線,市區道路,50,單路部分,彎曲路及附近,路段,一般車道(未劃分快慢車道),柏油,乾燥,無缺陷,無障礙物,不良,彎道,無號誌,無號誌,雙向禁止超車線,附標記,禁止變換車道線(附標記),未繪設快慢車道分隔線,有,人與汽(機)車,其他,行人(或乘客),在道路上嬉戲或奔走不定,死亡2;受傷1,1,人,行人,男,76,其他(無需使用保護裝備之人),非駕駛人,人的狀態,其他,其他,非汽(機)車,其他,非汽(機)車,行人(或乘客),在道路上嬉戲或奔走不定,否
高雄市田寮區台28省道21.5K號前0.0公尺,晴,日間自然光線,市區道路,50,單路部分,彎曲路及附近,路段,一般車道(未劃分快慢車道),柏油,乾燥,無缺陷,無障礙物,不良,彎道,無號誌,無號誌,雙向禁止超車線,附標記,禁止變換車道線(附標記),未繪設快慢車道分隔線,有,人與汽(機)車,其他,行人(或乘客),在道路上嬉戲或奔走不定,死亡2;受傷1,4,人,行人,女,84,其他(無需使用保護裝備之人),非駕駛人,人的狀態,其他,其他,非汽(機)車,其他,非汽(機)車,行人(或乘客),在道路上嬉戲或奔走不定,否
高雄市田寮區台28省道21.5K號前0.0公尺,晴,日間自然光線,市區道路,50,單路部分,彎曲路及附近,路段,一般車道(未劃分快慢車道),柏油,乾燥,無缺陷,無障礙物,不良,彎道,無號誌,無號誌,雙向禁止超車線,附標記,禁止變換車道線(附標記),未繪設快慢車道分隔線,有,人與汽(機)車,其他,行人(或乘客),在道路上嬉戲或奔走不定,死亡2;受傷1,2,半聯結車,營業用,男,50,戴安全帽或繫安全帶(使用幼童安全椅),未使用,車的狀態,向前直行中,汽車,右側車身,汽車,右側車身,駕駛人,未注意車前狀態,否
高雄市田寮區台28省道21.5K號前0.0公尺,晴,日間自然光線,市區道路,50,單路部分,彎曲路及附近,路段,一般車道(未劃分快慢車道),柏油,乾燥,無缺陷,無障礙物,不良,彎道,無號誌,無號誌,雙向禁止超車線,附標記,禁止變換車道線(附標記),未繪設快慢車道分隔線,有,人與汽(機)車,其他,行人(或乘客),在道路上嬉戲或奔走不定,死亡2;受傷1,3,人,行人,男,64,戴安全帽或繫安全帶(使用幼童安全椅),非駕駛人,人的狀態,其他,其他,非汽(機)車,其他,非汽(機)車,行人(或乘客),在道路上嬉戲或奔走不定,否
高雄市田寮區台28省道21.5K號前0.0公尺,晴,日間自然光線,市區道路,50,單路部分,彎曲路及附近,路段,一般車道(未劃分快慢車道),柏油,乾燥,無缺陷,無障礙物,不良,彎道,無號誌,無號誌,雙向禁止超車線,附標記,禁止變換車道線(附標記),未繪設快慢車道分隔線,有,人與汽(機)車,其他,行人(或乘客),在道路上嬉戲或奔走不定,死亡2;受傷1,5,小客車,自用,男,64,戴安全帽或繫安全帶(使用幼童安全椅),未使用,車的狀態,等待(引擎未熄火),汽車,左後車尾(身),汽車,左後車尾(身),其他,違規停車或暫停不當而肇事,否
臺中市北屯區和平里台74線前0.0公尺,晴,日間自然光線,市區道路,80,單路部分,直路,交流道,直線匝道,柏油,乾燥,無缺陷,無障礙物,良好,良好,無號誌,無號誌,中央分向島,寛式(50公分以上),車道線(無標記),未繪設快慢車道分隔線,有,車與車,追撞,駕駛人,未注意車前狀態,死亡1;受傷5,6,人,乘客,男,85,戴安全帽或繫安全帶(使用幼童安全椅),未使用,人的狀態,不明,其他,不明,,,無(非車輛駕駛人因素),尚未發現肇事因素,否
臺中市北屯區和平里台74線前0.0公尺,晴,日間自然光線,市區道路,80,單路部分,直路,交流道,直線匝道,柏油,乾燥,無缺陷,無障礙物,良好,良好,無號誌,無號誌,中央分向島,寛式(50公分以上),車道線(無標記),未繪設快慢車道分隔線,有,車與車,追撞,駕駛人,未注意車前狀態,死亡1;受傷5,7,人,乘客,女,19,戴安全帽或繫安全帶(使用幼童安全椅),未使用,人的狀態,不明,其他,不明,,,無(非車輛駕駛人因素),尚未發現肇事因素,否
臺中市北屯區和平里台74線前0.0公尺,晴,日間自然光線,市區道路,80,單路部分,直路,交流道,直線匝道,柏油,乾燥,無缺陷,無障礙物,良好,良好,無號誌,無號誌,中央分向島,寛式(50公分以上),車道線(無標記),未繪設快慢車道分隔線,有,車與車,追撞,駕駛人,未注意車前狀態,死亡1;受傷5,8,人,乘客,男,21,戴安全帽或繫安全帶(使用幼童安全椅),未使用,人的狀態,不明,其他,不明,,,無(非車輛駕駛人因素),尚未發現肇事因素,否
臺中市北屯區和平里台74線前0.0公尺,晴,日間自然光線,市區道路,80,單路部分,直路,交流道,直線匝道,柏油,乾燥,無缺陷,無障礙物,良好,良好,無號誌,無號誌,中央分向島,寛式(50公分以上),車道線(無標記),未繪設快慢車道分隔線,有,車與車,追撞,駕駛人,未注意車前狀態,死亡1;受傷5,9,人,乘客,男,18,戴安全帽或繫安全帶(使用幼童安全椅),未使用,人的狀態,不明,其他,不明,,,無(非車輛駕駛人因素),尚未發現肇事因素,否
臺中市北屯區和平里台74線前0.0公尺,晴,日間自然光線,市區道路,80,單路部分,直路,交流道,直線匝道,柏油,乾燥,無缺陷,無障礙物,良好,良好,無號誌,無號誌,中央分向島,寛式(50公分以上),車道線(無標記),未繪設快慢車道分隔線,有,車與車,追撞,駕駛人,未注意車前狀態,死亡1;受傷5,1,小貨車(含客、貨兩用),自用,男,20,戴安全帽或繫安全帶(使用幼童安全椅),未使用,車的狀態,向前直行中,汽車,前車頭,,,駕駛人,未注意車前狀態,否
臺中市北屯區和平里台74線前0.0公尺,晴,日間自然光線,市區道路,80,單路部分,直路,交流道,直線匝道,柏油,乾燥,無缺陷,無障礙物,良好,良好,無號誌,無號誌,中央分向島,寛式(50公分以上),車道線(無標記),未繪設快慢車道分隔線,有,車與車,追撞,駕駛人,未注意車前狀態,死亡1;受傷5,2,小客車,自用,男,52,戴安全帽或繫安全帶(使用幼童安全椅),未使用,車的狀態,等待(引擎未熄火),汽車,後車尾,汽車,前車頭,無(車輛駕駛人因素),尚未發現肇事因素,否
臺中市北屯區和平里台74線前0.0公尺,晴,日間自然光線,市區道路,80,單路部分,直路,交流道,直線匝道,柏油,乾燥,無缺陷,無障礙物,良好,良好,無號誌,無號誌,中央分向島,寛式(50公分以上),車道線(無標記),未繪設快慢車道分隔線,有,車與車,追撞,駕駛人,未注意車前狀態,死亡1;受傷5,3,小客車,自用,男,63,戴安全帽或繫安全帶(使用幼童安全椅),未使用,車的狀態,等待(引擎未熄火),汽車,後車尾,汽車,前車頭,無(車輛駕駛人因素),尚未發現肇事因素,否
臺中市北屯區和平里台74線前0.0公尺,晴,日間自然光線,市區道路,80,單路部分,直路,交流道,直線匝道,柏油,乾燥,無缺陷,無障礙物,良好,良好,無號誌,無號誌,中央分向島,寛式(50公分以上),車道線(無標記),未繪設快慢車道分隔線,有,車與車,追撞,駕駛人,未注意車前狀態,死亡1;受傷5,4,小貨車(含客、貨兩用),自用,男,36,戴安全帽或繫安全帶(使用幼童安全椅),未使用,車的狀態,等待(引擎未熄火),汽車,後車尾,,,無(車輛駕駛人因素),尚未發現肇事因素,否
臺中市北屯區和平里台74線前0.0公尺,晴,日間自然光線,市區道路,80,單路部分,直路,交流道,直線匝道,柏油,乾燥,無缺陷,無障礙物,良好,良好,無號誌,無號誌,中央分向島,寛式(50公分以上),車道線(無標記),未繪設快慢車道分隔線,有,車與車,追撞,駕駛人,未注意車前狀態,死亡1;受傷5,5,小貨車(含客、貨兩用),自用,男,24,戴安全帽或繫安全帶(使用幼童安全椅),未使用,車的狀態,等待(引擎未熄火),汽車,後車尾,汽車,前車頭,無(車輛駕駛人因素),尚未發現肇事因素,否
新北市中和區南山路174號前0.0公尺,晴,日間自然光線,市區道路,50,單路部分,直路,路段,一般車道(未劃分快慢車道),柏油,乾燥,無缺陷,無障礙物,良好,良好,無號誌,無號誌,雙向禁止超車線,無標記,未繪設車道線,未繪設快慢車道分隔線,有,人與汽(機)車,穿越道路中,行人(或乘客),未依標誌、標線、號誌或手勢指揮穿越道路,死亡1;受傷1,2,機車,普通重型,男,16,不明,不明,車的狀態,向前直行中,機車,前車頭,機車,前車頭,駕駛人,未注意車前狀態,否
新北市中和區南山路174號前0.0公尺,晴,日間自然光線,市區道路,50,單路部分,直路,路段,一般車道(未劃分快慢車道),柏油,乾燥,無缺陷,無障礙物,良好,良好,無號誌,無號誌,雙向禁止超車線,無標記,未繪設車道線,未繪設快慢車道分隔線,有,人與汽(機)車,穿越道路中,行人(或乘客),未依標誌、標線、號誌或手勢指揮穿越道路,死亡1;受傷1,1,人,行人,男,87,其他(無需使用保護裝備之人),非駕駛人,人的狀態,步行,其他,非汽(機)車,其他,非汽(機)車,行人(或乘客),未依標誌、標線、號誌或手勢指揮穿越道路,否
臺北市內湖區民權大橋前0.0公尺,晴,日間自然光線,市區道路,40,單路部分,橋樑,路段,機車專用道,柏油,乾燥,無缺陷,無障礙物,良好,良好,無號誌,無號誌,中央分向島,窄式無柵欄,車道線(無標記),未繪設快慢車道分隔線,無,汽(機)車本身,衝出路外,駕駛人,超速失控,死亡1;受傷0,2,,,無或物(動物、堆置物),0,,,,,,,,,無(非車輛駕駛人因素),尚未發現肇事因素,否
臺北市內湖區民權大橋前0.0公尺,晴,日間自然光線,市區道路,40,單路部分,橋樑,路段,機車專用道,柏油,乾燥,無缺陷,無障礙物,良好,良好,無號誌,無號誌,中央分向島,窄式無柵欄,車道線(無標記),未繪設快慢車道分隔線,無,汽(機)車本身,衝出路外,駕駛人,超速失控,死亡1;受傷0,1,機車,普通重型,男,40,戴安全帽或繫安全帶(使用幼童安全椅),不明,車的狀態,向前直行中,機車,右側車身,機車,右側車身,駕駛人,超速失控,否
桃園市八德區介壽路二段167-4號前0.0公尺,晴,晨或暮光,市區道路,30,單路部分,直路,路段,一般車道(未劃分快慢車道),柏油,乾燥,無缺陷,無障礙物,良好,良好,無號誌,無號誌,雙向禁止超車線,無標記,未繪設車道線,未繪設快慢車道分隔線,有,車與車,追撞,駕駛人,未保持行車安全距離,死亡1;受傷1,1,機車,普通重型,男,53,不明,不明,車的狀態,向前直行中,其他,不明,,,駕駛人,未保持行車安全距離,否
桃園市八德區介壽路二段167-4號前0.0公尺,晴,晨或暮光,市區道路,30,單路部分,直路,路段,一般車道(未劃分快慢車道),柏油,乾燥,無缺陷,無障礙物,良好,良好,無號誌,無號誌,雙向禁止超車線,無標記,未繪設車道線,未繪設快慢車道分隔線,有,車與車,追撞,駕駛人,未保持行車安全距離,死亡1;受傷1,2,機車,普通重型,男,35,不明,不明,車的狀態,向前直行中,機車,後車尾,,,無(車輛駕駛人因素),尚未發現肇事因素,否
桃園市八德區介壽路二段167-4號前0.0公尺,晴,晨或暮光,市區道路,30,單路部分,直路,路段,一般車道(未劃分快慢車道),柏油,乾燥,無缺陷,無障礙物,良好,良好,無號誌,無號誌,雙向禁止超車線,無標記,未繪設車道線,未繪設快慢車道分隔線,有,車與車,追撞,駕駛人,未保持行車安全距離,死亡1;受傷1,3,小客車,自用,男,74,不明,不明,車的狀態,向前直行中,汽車,左前車頭(身),,,無(車輛駕駛人因素),尚未發現肇事因素,否
苗栗縣大湖鄉台3線 130公里南側向內側,晴,夜間(或隧道、地下道、涵洞)有照明,省道,60,單路部分,直路,路段,一般車道(未劃分快慢車道),柏油,乾燥,無缺陷,無障礙物,良好,良好,閃光號誌,正常,中央分向島,寛式(50公分以上),車道線(無標記),未繪設快慢車道分隔線,有,汽(機)車本身,撞交通島,其他,不明原因肇事,死亡1;受傷1,2,,,無或物(動物、堆置物),-1,,,,,,,,,無(非車輛駕駛人因素),尚未發現肇事因素,否
苗栗縣大湖鄉台3線 130公里南側向內側,晴,夜間(或隧道、地下道、涵洞)有照明,省道,60,單路部分,直路,路段,一般車道(未劃分快慢車道),柏油,乾燥,無缺陷,無障礙物,良好,良好,閃光號誌,正常,中央分向島,寛式(50公分以上),車道線(無標記),未繪設快慢車道分隔線,有,汽(機)車本身,撞交通島,其他,不明原因肇事,死亡1;受傷1,1,機車,普通重型,女,17,不明,不明,車的狀態,向前直行中,其他,不明,,,其他,不明原因肇事,否
苗栗縣大湖鄉台3線 130公里南側向內側,晴,夜間(或隧道、地下道、涵洞)有照明,省道,60,單路部分,直路,路段,一般車道(未劃分快慢車道),柏油,乾燥,無缺陷,無障礙物,良好,良好,閃光號誌,正常,中央分向島,寛式(50公分以上),車道線(無標記),未繪設快慢車道分隔線,有,汽(機)車本身,撞交通島,其他,不明原因肇事,死亡1;受傷1,3,人,乘客,女,16,不明,非駕駛人,人的狀態,其他,其他,不明,,,無(非車輛駕駛人因素),尚未發現肇事因素,否
桃園市觀音區嘉富路1115號附近,陰,夜間(或隧道、地下道、涵洞)有照明,市區道路,50,單路部分,彎曲路及附近,路段,一般車道(未劃分快慢車道),柏油,乾燥,無缺陷,無障礙物,良好,良好,無號誌,無號誌,行車分向線,無標記,未繪設車道線,未繪設快慢車道分隔線,有,汽(機)車本身,撞路樹、電桿,駕駛人,酒醉(後)駕駛失控,死亡1;受傷0,2,,,無或物(動物、堆置物),-1,,,,,,,,,無(非車輛駕駛人因素),尚未發現肇事因素,否
桃園市觀音區嘉富路1115號附近,陰,夜間(或隧道、地下道、涵洞)有照明,市區道路,50,單路部分,彎曲路及附近,路段,一般車道(未劃分快慢車道),柏油,乾燥,無缺陷,無障礙物,良好,良好,無號誌,無號誌,行車分向線,無標記,未繪設車道線,未繪設快慢車道分隔線,有,汽(機)車本身,撞路樹、電桿,駕駛人,酒醉(後)駕駛失控,死亡1;受傷0,1,機車,普通重型,男,30,戴安全帽或繫安全帶(使用幼童安全椅),不明,車的狀態,向前直行中,機車,右側車身,,,駕駛人,酒醉(後)駕駛失控,否
屏東縣九如鄉國道3號 391公里500.0公尺處南側向交流道,晴,晨或暮光,國道,110,單路部分,直路,路段,快車道,柏油,乾燥,無缺陷,無障礙物,良好,良好,無號誌,無號誌,中央分向島,寛式(50公分以上),車道線(附標記),未繪設快慢車道分隔線,有,汽(機)車本身,撞護欄(樁),駕駛人,超速失控,死亡1;受傷0,2,,,無或物(動物、堆置物),-1,,,,,,,,,無(非車輛駕駛人因素),尚未發現肇事因素,否
屏東縣九如鄉國道3號 391公里500.0公尺處南側向交流道,晴,晨或暮光,國道,110,單路部分,直路,路段,快車道,柏油,乾燥,無缺陷,無障礙物,良好,良好,無號誌,無號誌,中央分向島,寛式(50公分以上),車道線(附標記),未繪設快慢車道分隔線,有,汽(機)車本身,撞護欄(樁),駕駛人,超速失控,死亡1;受傷0,1,小客車,自用,男,24,未戴案全帽或未繫安全帶(未使用幼童安全椅),不明,車的狀態,向前直行中,汽車,前車頭,汽車,左側車身,駕駛人,超速失控,否
桃園市平鎮區中豐路山頂段北側 / 桃園市平鎮區湧東路,晴,日間自然光線,市區道路,50,交岔路,四岔路,交叉路口,交叉口附近,柏油,乾燥,無缺陷,無障礙物,良好,良好,行車管制號誌,正常,無,無分向設施,未繪設車道線,未繪設快慢車道分隔線,無,車與車,側撞,駕駛人,迴轉未依規定,死亡1;受傷0,1,機車,普通重型,男,75,戴安全帽或繫安全帶(使用幼童安全椅),未使用,車的狀態,迴轉或橫越道路中,機車,右側車身,,,駕駛人,迴轉未依規定,否
桃園市平鎮區中豐路山頂段北側 / 桃園市平鎮區湧東路,晴,日間自然光線,市區道路,50,交岔路,四岔路,交叉路口,交叉口附近,柏油,乾燥,無缺陷,無障礙物,良好,良好,行車管制號誌,正常,無,無分向設施,未繪設車道線,未繪設快慢車道分隔線,無,車與車,側撞,駕駛人,迴轉未依規定,死亡1;受傷0,2,小貨車(含客、貨兩用),自用,男,65,戴安全帽或繫安全帶(使用幼童安全椅),未使用,車的狀態,向前直行中,汽車,前車頭,,,駕駛人,未注意車前狀態,否
臺中市霧峰區五福里環河路一段580號前0.0公尺,晴,日間自然光線,市區道路,40,單路部分,直路,路段,慢車道,柏油,乾燥,無缺陷,無障礙物,良好,良好,無號誌,無號誌,中央分向島,寛式(50公分以上),車道線(無標記),寛式快慢車道分隔島(50公分以上),有,汽(機)車本身,撞交通島,其他,不明原因肇事,死亡1;受傷0,2,,,無或物(動物、堆置物),0,,,,,,,,,無(非車輛駕駛人因素),尚未發現肇事因素,否
臺中市霧峰區五福里環河路一段580號前0.0公尺,晴,日間自然光線,市區道路,40,單路部分,直路,路段,慢車道,柏油,乾燥,無缺陷,無障礙物,良好,良好,無號誌,無號誌,中央分向島,寛式(50公分以上),車道線(無標記),寛式快慢車道分隔島(50公分以上),有,汽(機)車本身,撞交通島,其他,不明原因肇事,死亡1;受傷0,1,機車,普通重型,男,73,戴安全帽或繫安全帶(使用幼童安全椅),未使用,車的狀態,向前直行中,機車,右側車身,,,其他,不明原因肇事,否